,acc,loss,val_acc,val_loss
0,0.7443714285305568,0.6298382638931275,0.8198666666666666,0.5310832423210144
1,0.8494000000136239,0.44719449969700403,0.8617333333015442,0.3891339941660563
2,0.8835714285305568,0.3415222577095032,0.8826666666666667,0.32669619852701826
